Top queries,Clicks,Impressions,CTR,Position
man and van harrow,14,1377,1.02%,24.23
harrow man and van,2,179,1.12%,25.91
man with a van harrow,1,347,0.29%,28.31
man with van harrow,1,31,3.23%,18.77
removals harrow,0,805,0%,63.43
moving company harrow,0,225,0%,79.02
house removals harrow,0,219,0%,45.67
harrow removals,0,210,0%,54.85
student moves,0,170,0%,63.43
removals company harrow,0,142,0%,66.89
domestic removals harrow,0,137,0%,56.36
home removals harrow,0,116,0%,53.57
harrow removal company,0,103,0%,55.62
harrow moving company,0,92,0%,56.41
man and van harlow,0,66,0%,70.59
removal companies harrow,0,65,0%,56.4
man and van west harrow,0,54,0%,34.43
harrow weald man with van,0,52,0%,38.02
man and van rayners lane,0,49,0%,30.71
man and van south harrow,0,49,0%,38.29
harrow man with van,0,49,0%,41.55
man and van harrow on the hill,0,46,0%,34.5
man and van harrow weald,0,44,0%,34.73
west harrow man with van,0,42,0%,35
south harrow man with van,0,42,0%,39.93
man and van north harrow,0,40,0%,34.9
harrow on the hill man with van,0,40,0%,37.42
north harrow man with van,0,38,0%,35.47
man and van wealdstone,0,31,0%,33.77
commercial removals harrow,0,21,0%,74.62
van hire london harrow,0,21,0%,86.48
rayners lane man with van,0,20,0%,47.85
office removals harrow,0,20,0%,69.8
man and van headstone lane,0,18,0%,41.89
harrow removal companies,0,18,0%,54.44
wealdstone man with van,0,16,0%,42.88
removals and storage harrow,0,13,0%,72.54
man and van south kenton,0,12,0%,26.5
removals in harrow,0,12,0%,53.25
movers harrow,0,9,0%,51.89
local movers cost,0,7,0%,45
removal harrow,0,7,0%,50.86
mover costs,0,6,0%,37.33
man and van truro,0,5,0%,75.2
headstone lane man with van,0,4,0%,23.5
removal companies in harrow,0,4,0%,51.25
removals companies harrow,0,4,0%,62.25
mover fees,0,4,0%,68.25
affordable moving rates,0,3,0%,20
moving to harrow,0,3,0%,26.67
cost of local movers,0,3,0%,37.33
how much does a local mover cost,0,3,0%,41.67
removal companies near me,0,3,0%,41.67
man and van heywood,0,3,0%,44.33
removal company harrow,0,3,0%,53.67
man and van south ruislip,0,3,0%,80.33
move student,0,3,0%,82
stanmore man with van,0,2,0%,33
local moving service,0,2,0%,33.5
local moving cost,0,2,0%,34
"single-operator moving services in stanmore, harrow, uk",0,2,0%,41.5
how much does it cost to move locally,0,2,0%,61.5
man and van greenford,0,2,0%,66
"cheap man and van in harrow, uk",0,2,0%,71
movers fees,0,2,0%,72.5
mover cost,0,2,0%,80
man and van esher,0,2,0%,95
house removal costs near me,0,1,0%,1
man and van,0,1,0%,6
moving company cost,0,1,0%,11
movers cost,0,1,0%,12
local moving costs,0,1,0%,26
"single-operator moving services in edgware, harrow, uk",0,1,0%,26
man and van near me,0,1,0%,32
moving pricing,0,1,0%,36
cost of a mover,0,1,0%,41
cost for movers,0,1,0%,43
"independent moving contractors in harrow, uk",0,1,0%,46
removals jarrow,0,1,0%,46
removals company north harrow,0,1,0%,53
movers and packers harrow,0,1,0%,56
"man with a van in harrow on the hill, greater london",0,1,0%,59
"man with a van in pinner, harrow, uk",0,1,0%,61
"cheap man and van in edgware, harrow, uk",0,1,0%,67
how much does it cost to hire movers locally,0,1,0%,68
mover fee,0,1,0%,68
student move,0,1,0%,68
movers how much,0,1,0%,70
moving rates,0,1,0%,70
movers pricing,0,1,0%,74
hire a van harrow,0,1,0%,77
students move,0,1,0%,77
movers charges,0,1,0%,83
south kenton man with van,0,1,0%,87
how much does moving service cost,0,1,0%,88
man and van hatch end,0,1,0%,90
all day moving service cost,0,1,0%,91
man and van south greenford,0,1,0%,95
"removal van driver in pinner, harrow, uk",0,1,0%,96
harrow movers,0,1,0%,100
"single-operator moving services in harrow, uk",0,1,0%,105